INSERT INTO authors (id, full_name) VALUES (2, 'Alexandr Sergejevič Puškin');
INSERT INTO authors (id, full_name) VALUES (3, 'Alexandr Solženicyn');
INSERT INTO authors (id, full_name) VALUES (4, 'Alois a Vilém Mrštíkové');
INSERT INTO authors (id, full_name) VALUES (5, 'Alois Jirásek');
INSERT INTO authors (id, full_name) VALUES (6, 'Antoine de Saint-Exupéry');
INSERT INTO authors (id, full_name) VALUES (7, 'Arnošt Lustig');
INSERT INTO authors (id, full_name) VALUES (8, 'Bohumil Hrabal');
INSERT INTO authors (id, full_name) VALUES (9, 'Božena Němcová');
INSERT INTO authors (id, full_name) VALUES (10, 'Carlo Goldoni');
INSERT INTO authors (id, full_name) VALUES (11, 'Dan Brown');
INSERT INTO authors (id, full_name) VALUES (12, 'Daniel Defoe');
INSERT INTO authors (id, full_name) VALUES (13, 'Edgar Allan Poe');
INSERT INTO authors (id, full_name) VALUES (14, 'Erich Maria Remarque');
INSERT INTO authors (id, full_name) VALUES (15, 'Ernest Hemingway');
INSERT INTO authors (id, full_name) VALUES (16, 'Fitzgerald Francis Scott');
INSERT INTO authors (id, full_name) VALUES (17, 'František Hrubín');
INSERT INTO authors (id, full_name) VALUES (18, 'František Ladislav Čelakovský');
INSERT INTO authors (id, full_name) VALUES (19, 'Franz Kafka');
INSERT INTO authors (id, full_name) VALUES (20, 'George Orwel');
INSERT INTO authors (id, full_name) VALUES (21, 'Honoré de Balzac');
INSERT INTO authors (id, full_name) VALUES (22, 'Charles Dickens');
INSERT INTO authors (id, full_name) VALUES (23, 'Irena Dousková');
INSERT INTO authors (id, full_name) VALUES (24, 'Ivan Olbracht');
INSERT INTO authors (id, full_name) VALUES (25, 'Jan Neruda');
INSERT INTO authors (id, full_name) VALUES (26, 'Jaroslav Hašek');
INSERT INTO authors (id, full_name) VALUES (27, 'Jaroslav Vrchlický');
INSERT INTO authors (id, full_name) VALUES (28, 'John Ronald Reuel Tolkien');
INSERT INTO authors (id, full_name) VALUES (29, 'John Steinbeck');
INSERT INTO authors (id, full_name) VALUES (30, 'Jonathan Swift');
INSERT INTO authors (id, full_name) VALUES (31, 'Josef Kajetán Tyl');
INSERT INTO authors (id, full_name) VALUES (32, 'Josef Škvorecký');
INSERT INTO authors (id, full_name) VALUES (33, 'Joseph Heller');
INSERT INTO authors (id, full_name) VALUES (34, 'Karel Čapek');
INSERT INTO authors (id, full_name) VALUES (35, 'Karel Havlíček Borovský');
INSERT INTO authors (id, full_name) VALUES (36, 'Karel Hynek Mácha');
INSERT INTO authors (id, full_name) VALUES (37, 'Karel Jaromír Erben');
INSERT INTO authors (id, full_name) VALUES (38, 'Karel Poláček');
INSERT INTO authors (id, full_name) VALUES (39, 'Ken Kesey');
INSERT INTO authors (id, full_name) VALUES (40, 'Květa Legátová');
INSERT INTO authors (id, full_name) VALUES (41, 'Ladislav Fuks');
INSERT INTO authors (id, full_name) VALUES (42, 'Milan Kundera');
INSERT INTO authors (id, full_name) VALUES (43, 'Moliére');
INSERT INTO authors (id, full_name) VALUES (44, 'Nikolaj Vasiljevič Gogol');
INSERT INTO authors (id, full_name) VALUES (45, 'Oscar Wilde');
INSERT INTO authors (id, full_name) VALUES (46, 'Ota Pavel');
INSERT INTO authors (id, full_name) VALUES (1, 'Ovidius');
INSERT INTO authors (id, full_name) VALUES (47, 'Petr Bezruč');
INSERT INTO authors (id, full_name) VALUES (48, 'Petr Šabach');
INSERT INTO authors (id, full_name) VALUES (49, 'Ray Bradbury');
INSERT INTO authors (id, full_name) VALUES (50, 'Romain Rolland');
INSERT INTO authors (id, full_name) VALUES (51, 'Saroyan William');
INSERT INTO authors (id, full_name) VALUES (52, 'Stieg Larsson');
INSERT INTO authors (id, full_name) VALUES (53, 'Terry Pratchett');
INSERT INTO authors (id, full_name) VALUES (54, 'Umberto Eco');
INSERT INTO authors (id, full_name) VALUES (55, 'Václav Havel');
INSERT INTO authors (id, full_name) VALUES (56, 'Viktor Dyk');
INSERT INTO authors (id, full_name) VALUES (57, 'Viktor Hugo');
INSERT INTO authors (id, full_name) VALUES (58, 'Vítězslav Nezval');
INSERT INTO authors (id, full_name) VALUES (59, 'Vladimír Körner');
INSERT INTO authors (id, full_name) VALUES (60, 'Vladislav Vančura');
INSERT INTO authors (id, full_name) VALUES (61, 'William Shakespeare');
INSERT INTO authors (id, full_name) VALUES (62, 'William Styron');
INSERT INTO authors (id, full_name) VALUES (63, 'Zdeněk Jirotka');
INSERT INTO books (id, title, author_id, literature_form_id) VALUES (1, 'Proměny', 1, 2);
INSERT INTO books (id, title, author_id, literature_form_id) VALUES (2, 'Hamlet', 61, 1);
INSERT INTO books (id, title, author_id, literature_form_id) VALUES (3, 'Romeo a Julie', 61, 1);
INSERT INTO books (id, title, author_id, literature_form_id) VALUES (4, 'Robinson Crusoe', 12, 3);
INSERT INTO books (id, title, author_id, literature_form_id) VALUES (5, 'Sluha dvou pánů', 10, 1);
INSERT INTO books (id, title, author_id, literature_form_id) VALUES (6, 'Lakomec', 43, 1);
INSERT INTO books (id, title, author_id, literature_form_id) VALUES (7, 'Gulliverovy cesty', 30, 3);
INSERT INTO books (id, title, author_id, literature_form_id) VALUES (8, 'Evžen Oněgin', 2, 3);
INSERT INTO books (id, title, author_id, literature_form_id) VALUES (9, 'Chrám Matky boží v Paříži', 57, 3);
INSERT INTO books (id, title, author_id, literature_form_id) VALUES (10, 'Havran', 13, 2);
INSERT INTO books (id, title, author_id, literature_form_id) VALUES (11, 'Revizor', 44, 1);
INSERT INTO books (id, title, author_id, literature_form_id) VALUES (12, 'Oliver Twist', 22, 3);
INSERT INTO books (id, title, author_id, literature_form_id) VALUES (13, 'Otec Goriot', 21, 3);
INSERT INTO books (id, title, author_id, literature_form_id) VALUES (14, 'Obraz Doriana Graye', 45, 3);
INSERT INTO books (id, title, author_id, literature_form_id) VALUES (15, 'Ohlasy písní českých', 18, 2);
INSERT INTO books (id, title, author_id, literature_form_id) VALUES (16, 'Kytice', 37, 2);
INSERT INTO books (id, title, author_id, literature_form_id) VALUES (17, 'Máj', 36, 2);
INSERT INTO books (id, title, author_id, literature_form_id) VALUES (18, 'Král Lávra', 35, 2);
INSERT INTO books (id, title, author_id, literature_form_id) VALUES (19, 'Strakonický dudák', 31, 1);
INSERT INTO books (id, title, author_id, literature_form_id) VALUES (20, 'Babička', 9, 3);
INSERT INTO books (id, title, author_id, literature_form_id) VALUES (21, 'Povídky malostranské', 25, 3);
INSERT INTO books (id, title, author_id, literature_form_id) VALUES (22, 'Písně kosmické', 25, 2);
INSERT INTO books (id, title, author_id, literature_form_id) VALUES (23, 'Staré pověsti české', 5, 3);
INSERT INTO books (id, title, author_id, literature_form_id) VALUES (24, 'Maryša', 4, 1);
INSERT INTO books (id, title, author_id, literature_form_id) VALUES (25, 'Noc na Karlštejně', 27, 1);
INSERT INTO books (id, title, author_id, literature_form_id) VALUES (26, 'Na západní frontě klid', 14, 3);
INSERT INTO books (id, title, author_id, literature_form_id) VALUES (27, 'Petr a Lucie', 50, 3);
INSERT INTO books (id, title, author_id, literature_form_id) VALUES (28, 'Tracyho tygr', 51, 3);
INSERT INTO books (id, title, author_id, literature_form_id) VALUES (29, 'Stařec a moře', 15, 3);
INSERT INTO books (id, title, author_id, literature_form_id) VALUES (30, 'Sbohem, armádo', 15, 3);
INSERT INTO books (id, title, author_id, literature_form_id) VALUES (31, 'O myších a lidech', 29, 3);
INSERT INTO books (id, title, author_id, literature_form_id) VALUES (32, 'Velký Gatsby', 16, 3);
INSERT INTO books (id, title, author_id, literature_form_id) VALUES (33, 'Malý princ', 6, 3);
INSERT INTO books (id, title, author_id, literature_form_id) VALUES (34, 'Sophiina volba', 62, 3);
INSERT INTO books (id, title, author_id, literature_form_id) VALUES (35, 'Hlava XXII', 33, 3);
INSERT INTO books (id, title, author_id, literature_form_id) VALUES (36, 'Jeden den Ivana Děnisoviče', 3, 3);
INSERT INTO books (id, title, author_id, literature_form_id) VALUES (37, 'Hobit', 28, 3);
INSERT INTO books (id, title, author_id, literature_form_id) VALUES (38, 'Mort', 53, 3);
INSERT INTO books (id, title, author_id, literature_form_id) VALUES (39, '451° Fahrenheita', 49, 3);
INSERT INTO books (id, title, author_id, literature_form_id) VALUES (40, 'Farma zvířat', 20, 3);
INSERT INTO books (id, title, author_id, literature_form_id) VALUES (41, 'Vyhoďme ho z kola ven', 39, 3);
INSERT INTO books (id, title, author_id, literature_form_id) VALUES (42, 'Muži, kteří nenávidí ženy', 52, 3);
INSERT INTO books (id, title, author_id, literature_form_id) VALUES (43, 'Šifra mistra Leonarda', 11, 3);
INSERT INTO books (id, title, author_id, literature_form_id) VALUES (44, 'Jméno růže', 54, 3);
INSERT INTO books (id, title, author_id, literature_form_id) VALUES (45, 'Krysař', 56, 3);
INSERT INTO books (id, title, author_id, literature_form_id) VALUES (46, 'Nikola Šuhaj loupežník', 24, 3);
INSERT INTO books (id, title, author_id, literature_form_id) VALUES (47, 'Slezské písně', 47, 2);
INSERT INTO books (id, title, author_id, literature_form_id) VALUES (48, 'Proměna', 19, 2);
INSERT INTO books (id, title, author_id, literature_form_id) VALUES (49, 'Osudy dobrého vojáka Švejka za světové války', 26, 2);
INSERT INTO books (id, title, author_id, literature_form_id) VALUES (50, 'Rozmarné léto', 60, 1);
INSERT INTO books (id, title, author_id, literature_form_id) VALUES (51, 'Válka s Mloky', 34, 3);
INSERT INTO books (id, title, author_id, literature_form_id) VALUES (52, 'R.U.R', 34, 1);
INSERT INTO books (id, title, author_id, literature_form_id) VALUES (53, 'Bylo nás pět', 38, 3);
INSERT INTO books (id, title, author_id, literature_form_id) VALUES (54, 'Saturnin', 63, 3);
INSERT INTO books (id, title, author_id, literature_form_id) VALUES (55, 'Modlitba pro Kateřinu Horovitzovou', 7, 3);
INSERT INTO books (id, title, author_id, literature_form_id) VALUES (56, 'Spalovač mrtvol', 41, 3);
INSERT INTO books (id, title, author_id, literature_form_id) VALUES (57, 'Zbabělci', 32, 3);
INSERT INTO books (id, title, author_id, literature_form_id) VALUES (58, 'Ostře sledované vlaky', 8, 3);
INSERT INTO books (id, title, author_id, literature_form_id) VALUES (59, 'Manon Lescaut', 58, 2);
INSERT INTO books (id, title, author_id, literature_form_id) VALUES (60, 'Romance pro křídlovku', 17, 2);
INSERT INTO books (id, title, author_id, literature_form_id) VALUES (61, 'Směšné lásky', 42, 3);
INSERT INTO books (id, title, author_id, literature_form_id) VALUES (62, 'Smrt krásných srnců', 46, 3);
INSERT INTO books (id, title, author_id, literature_form_id) VALUES (63, 'Hrdý Budžes', 23, 3);
INSERT INTO books (id, title, author_id, literature_form_id) VALUES (64, 'Jozova Hanule', 40, 3);
INSERT INTO books (id, title, author_id, literature_form_id) VALUES (65, 'Audience', 55, 1);
INSERT INTO books (id, title, author_id, literature_form_id) VALUES (66, 'Občanský průkaz', 48, 3);
INSERT INTO books (id, title, author_id, literature_form_id) VALUES (67, 'Údolí včel', 59, 3);
INSERT INTO literature_forms (id, name) VALUES (1, 'drama');
INSERT INTO literature_forms (id, name) VALUES (2, 'poezie');
INSERT INTO literature_forms (id, name) VALUES (3, 'próza');
INSERT INTO literature_groups (id, literature_set_id, title, min_count, sort_order) VALUES (1, 1, 'Světová a česká literatura do konce 18. století', 2, 3);
INSERT INTO literature_groups (id, literature_set_id, title, min_count, sort_order) VALUES (2, 1, 'Světová a česká literatura do konce 19. století', 3, 2);
INSERT INTO literature_groups (id, literature_set_id, title, min_count, sort_order) VALUES (3, 1, 'Světová literatura 20. a 21. století', 4, 1);
INSERT INTO literature_groups (id, literature_set_id, title, min_count, sort_order) VALUES (4, 1, 'Česká literatura 20. a 21. století', 5, 0);
INSERT INTO literature_groups_has_books (id, literature_groups_id, books_id, sort_order) VALUES (1, 1, 1, 6);
INSERT INTO literature_groups_has_books (id, literature_groups_id, books_id, sort_order) VALUES (2, 1, 2, 5);
INSERT INTO literature_groups_has_books (id, literature_groups_id, books_id, sort_order) VALUES (3, 1, 3, 4);
INSERT INTO literature_groups_has_books (id, literature_groups_id, books_id, sort_order) VALUES (4, 1, 4, 3);
INSERT INTO literature_groups_has_books (id, literature_groups_id, books_id, sort_order) VALUES (5, 1, 5, 2);
INSERT INTO literature_groups_has_books (id, literature_groups_id, books_id, sort_order) VALUES (6, 1, 6, 1);
INSERT INTO literature_groups_has_books (id, literature_groups_id, books_id, sort_order) VALUES (7, 1, 7, 0);
INSERT INTO literature_groups_has_books (id, literature_groups_id, books_id, sort_order) VALUES (8, 2, 8, 17);
INSERT INTO literature_groups_has_books (id, literature_groups_id, books_id, sort_order) VALUES (9, 2, 9, 16);
INSERT INTO literature_groups_has_books (id, literature_groups_id, books_id, sort_order) VALUES (10, 2, 10, 15);
INSERT INTO literature_groups_has_books (id, literature_groups_id, books_id, sort_order) VALUES (11, 2, 11, 14);
INSERT INTO literature_groups_has_books (id, literature_groups_id, books_id, sort_order) VALUES (12, 2, 12, 13);
INSERT INTO literature_groups_has_books (id, literature_groups_id, books_id, sort_order) VALUES (13, 2, 13, 12);
INSERT INTO literature_groups_has_books (id, literature_groups_id, books_id, sort_order) VALUES (14, 2, 14, 11);
INSERT INTO literature_groups_has_books (id, literature_groups_id, books_id, sort_order) VALUES (15, 2, 15, 10);
INSERT INTO literature_groups_has_books (id, literature_groups_id, books_id, sort_order) VALUES (16, 2, 16, 9);
INSERT INTO literature_groups_has_books (id, literature_groups_id, books_id, sort_order) VALUES (17, 2, 17, 8);
INSERT INTO literature_groups_has_books (id, literature_groups_id, books_id, sort_order) VALUES (18, 2, 18, 7);
INSERT INTO literature_groups_has_books (id, literature_groups_id, books_id, sort_order) VALUES (19, 2, 19, 6);
INSERT INTO literature_groups_has_books (id, literature_groups_id, books_id, sort_order) VALUES (20, 2, 20, 5);
INSERT INTO literature_groups_has_books (id, literature_groups_id, books_id, sort_order) VALUES (21, 2, 21, 4);
INSERT INTO literature_groups_has_books (id, literature_groups_id, books_id, sort_order) VALUES (22, 2, 22, 3);
INSERT INTO literature_groups_has_books (id, literature_groups_id, books_id, sort_order) VALUES (23, 2, 23, 2);
INSERT INTO literature_groups_has_books (id, literature_groups_id, books_id, sort_order) VALUES (24, 2, 24, 1);
INSERT INTO literature_groups_has_books (id, literature_groups_id, books_id, sort_order) VALUES (25, 2, 25, 0);
INSERT INTO literature_groups_has_books (id, literature_groups_id, books_id, sort_order) VALUES (26, 3, 26, 18);
INSERT INTO literature_groups_has_books (id, literature_groups_id, books_id, sort_order) VALUES (27, 3, 27, 17);
INSERT INTO literature_groups_has_books (id, literature_groups_id, books_id, sort_order) VALUES (28, 3, 28, 16);
INSERT INTO literature_groups_has_books (id, literature_groups_id, books_id, sort_order) VALUES (29, 3, 29, 15);
INSERT INTO literature_groups_has_books (id, literature_groups_id, books_id, sort_order) VALUES (30, 3, 30, 14);
INSERT INTO literature_groups_has_books (id, literature_groups_id, books_id, sort_order) VALUES (31, 3, 31, 13);
INSERT INTO literature_groups_has_books (id, literature_groups_id, books_id, sort_order) VALUES (32, 3, 32, 12);
INSERT INTO literature_groups_has_books (id, literature_groups_id, books_id, sort_order) VALUES (33, 3, 33, 11);
INSERT INTO literature_groups_has_books (id, literature_groups_id, books_id, sort_order) VALUES (34, 3, 34, 10);
INSERT INTO literature_groups_has_books (id, literature_groups_id, books_id, sort_order) VALUES (35, 3, 35, 9);
INSERT INTO literature_groups_has_books (id, literature_groups_id, books_id, sort_order) VALUES (36, 3, 36, 8);
INSERT INTO literature_groups_has_books (id, literature_groups_id, books_id, sort_order) VALUES (37, 3, 37, 7);
INSERT INTO literature_groups_has_books (id, literature_groups_id, books_id, sort_order) VALUES (38, 3, 38, 6);
INSERT INTO literature_groups_has_books (id, literature_groups_id, books_id, sort_order) VALUES (39, 3, 39, 5);
INSERT INTO literature_groups_has_books (id, literature_groups_id, books_id, sort_order) VALUES (40, 3, 40, 4);
INSERT INTO literature_groups_has_books (id, literature_groups_id, books_id, sort_order) VALUES (41, 3, 41, 3);
INSERT INTO literature_groups_has_books (id, literature_groups_id, books_id, sort_order) VALUES (42, 3, 42, 2);
INSERT INTO literature_groups_has_books (id, literature_groups_id, books_id, sort_order) VALUES (43, 3, 43, 1);
INSERT INTO literature_groups_has_books (id, literature_groups_id, books_id, sort_order) VALUES (44, 3, 44, 0);
INSERT INTO literature_groups_has_books (id, literature_groups_id, books_id, sort_order) VALUES (45, 4, 45, 22);
INSERT INTO literature_groups_has_books (id, literature_groups_id, books_id, sort_order) VALUES (46, 4, 46, 21);
INSERT INTO literature_groups_has_books (id, literature_groups_id, books_id, sort_order) VALUES (47, 4, 47, 20);
INSERT INTO literature_groups_has_books (id, literature_groups_id, books_id, sort_order) VALUES (48, 4, 48, 19);
INSERT INTO literature_groups_has_books (id, literature_groups_id, books_id, sort_order) VALUES (49, 4, 49, 18);
INSERT INTO literature_groups_has_books (id, literature_groups_id, books_id, sort_order) VALUES (50, 4, 50, 17);
INSERT INTO literature_groups_has_books (id, literature_groups_id, books_id, sort_order) VALUES (51, 4, 51, 16);
INSERT INTO literature_groups_has_books (id, literature_groups_id, books_id, sort_order) VALUES (52, 4, 52, 15);
INSERT INTO literature_groups_has_books (id, literature_groups_id, books_id, sort_order) VALUES (53, 4, 53, 14);
INSERT INTO literature_groups_has_books (id, literature_groups_id, books_id, sort_order) VALUES (54, 4, 54, 13);
INSERT INTO literature_groups_has_books (id, literature_groups_id, books_id, sort_order) VALUES (55, 4, 55, 12);
INSERT INTO literature_groups_has_books (id, literature_groups_id, books_id, sort_order) VALUES (56, 4, 56, 11);
INSERT INTO literature_groups_has_books (id, literature_groups_id, books_id, sort_order) VALUES (57, 4, 57, 10);
INSERT INTO literature_groups_has_books (id, literature_groups_id, books_id, sort_order) VALUES (58, 4, 58, 9);
INSERT INTO literature_groups_has_books (id, literature_groups_id, books_id, sort_order) VALUES (59, 4, 59, 8);
INSERT INTO literature_groups_has_books (id, literature_groups_id, books_id, sort_order) VALUES (60, 4, 60, 7);
INSERT INTO literature_groups_has_books (id, literature_groups_id, books_id, sort_order) VALUES (61, 4, 61, 6);
INSERT INTO literature_groups_has_books (id, literature_groups_id, books_id, sort_order) VALUES (62, 4, 62, 5);
INSERT INTO literature_groups_has_books (id, literature_groups_id, books_id, sort_order) VALUES (63, 4, 63, 4);
INSERT INTO literature_groups_has_books (id, literature_groups_id, books_id, sort_order) VALUES (64, 4, 64, 3);
INSERT INTO literature_groups_has_books (id, literature_groups_id, books_id, sort_order) VALUES (65, 4, 65, 2);
INSERT INTO literature_groups_has_books (id, literature_groups_id, books_id, sort_order) VALUES (66, 4, 66, 1);
INSERT INTO literature_groups_has_books (id, literature_groups_id, books_id, sort_order) VALUES (67, 4, 67, 0);
INSERT INTO literature_groups_has_books (id, literature_groups_id, books_id, sort_order) VALUES (68, 1, 3, 7);
INSERT INTO literature_sets (id, period, required_book_count, author_max_count, is_active) VALUES (1, '2018/2019', 20, 2, 1);
INSERT INTO literature_sets_required_literature_forms (id, literature_sets_id, literature_forms_id, min_count) VALUES (1, 1, 1, 2);
INSERT INTO literature_sets_required_literature_forms (id, literature_sets_id, literature_forms_id, min_count) VALUES (2, 1, 2, 2);
INSERT INTO literature_sets_required_literature_forms (id, literature_sets_id, literature_forms_id, min_count) VALUES (3, 1, 3, 2);
